{"cameraMode":{"drawMode":0,"name":"Shaded","section":"Shading Mode"},"sceneLighting":true,"audioPlay":false,"sceneViewState":{"showFog":true,"showMaterialUpdate":false,"showSkybox":true,"showFlares":true,"showImageEffects":true,"showParticleSystems":true,"showVisualEffectGraphs":true,"m_FxEnabled":true},"in2DMode":false,"pivot":{"x":0.6528428792953491,"y":-13.203014373779297,"z":25.602867126464845},"rotation":{"x":-0.16749081015586854,"y":-0.017155930399894716,"z":0.0029150990303605797,"w":-0.985720157623291},"size":26.547237396240236,"orthographic":false}